title,title_id
the reckoning,1
every breath,2
fire and blood,3
where the crawdads sing,4
target: alex cross,5
a dog's way home,6
past tense,7
the tattooist of auschwitz,8
long road to mercy,9
nine perfect strangers,10
the next person you meet in heaven,11
safe and sound,12
milk and honey,13
elevation,14
tom clancy: oath of office,15
becoming,16
the point of it all,17
educated,18
killing the ss,19
sapiens,20
shade,21
leadership,22
churchill: walking with destiny,23
brief answers to the big questions,24
beastie boys book,25
fear,26
ship of fools,27
the fifth risk,28
obama,29
bad blood,30
look alive twenty-five,31
the outsider,32
kingdom of the blind,33
the president is missing,34
astrophysics for people in a hurry,35
the mamba mentality,36
crazy rich asians,37
eleanor oliphant is completely fine,38
the sun and her flowers,39
one day in december,40
all the light we cannot see,41
the nightingale,42
less,43
china rich girlfriend,44
the alice network,45
the woman in cabin 10,46
pachinko,47
the wife between us,48
killers of the flower moon,49
the innocent man,50
my own words,51
shoe dog,52
alexander hamilton,53
andrew jackson and the miracle of new orleans,54
just mercy,55
"thinking, fast and slow",56
grit,57
white fragility,58
the body keeps the score,59
the devil in the white city,60
homo deus,61
beautiful boy,62
homebody,63
"girl, wash your face",64
magnolia table,65
whose boat is this boat?,66
the subtle art of not giving a f*ck,67
you are a badass,68
"gmorning, gnight!",69
cook like a pro,70
cravings: hungry for more,71
whiskey in a teacup,72
wonder,73
women in science,74
the atlas obscura explorer's guide for the world's most adventurous kid,75
the girl who drank the moon,76
dog diaries,77
the complete cookbook for young chefs,78
max einstein: the genius experiment,79
wishtree,80
"mac b., kid spy: mac undercover",81
minecraft: the crash,82
dragons love tacos,83
construction site on christmas night,84
the wonderful things you will be,85
"rosie revere, engineer",86
p is for pterodactyl,87
the day the crayons quit,88
how to catch an elf,89
the book with no pictures,90
grumpy monkey,91
the night before christmas,92
diary of a wimpy kid,93
harry potter,94
dog man,95
dork diaries,96
captain underpants,97
dark artifices,98
to all the boys i've loved before,99
percy jackson & the olympians,100
miss peregrine’s peculiar children,101
baby-sitters club graphix,102
the hate u give,103
dear evan hansen: the novel,104
bridge of clay,105
children of blood and bone,106
one of us is lying,107
skyward,108
turtles all the way down,109
what if it's us,110
five feet apart,111
girls of paper and fire,112
of blood and bone,113
circe,114
the name of the wind,115
then she was gone,116
a game of thrones,117
evil has a name,118
born a crime,119
extreme ownership,120
21 lessons for the 21st century,121
the power of habit,122
we're going to need more wine,123
i will find you,124
how to change your mind,125
heavy,126
dare to lead,127
atomic habits,128
principles,129
the magnolia story,130
what if?,131
when breath becomes air,132
the big fella,133
this is the day,134
racing to the finish,135
the story of baseball: in 100 photographs,136
basketball: a love story,137
quarterback,138
the pats,139
belichick,140
liar liar,141
turning point,142
an anonymous girl,143
deal with the devil,144
the house next door,145
summoned to the thirteenth grave,146
securing caite,147
a soldier's return,148
the new iberia blues,149
the first conspiracy,150
factfulness,151
ai superpowers,152
the library book,153
women rowing north,154
inheritance,155
the truths we hold,156
elon musk,157
the only woman in the room,158
there there,159
verses for the dead,160
bird box,161
the power,162
sold on a monday,163
being mortal,164
the immortal life of henrietta lacks,165
the new jim crow,166
enlightenment now,167
the life-changing magic of tidying up,168
it's not supposed to be this way,169
can't hurt me,170
salt fat acid heat,171
the clean plate,172
best self,173
dragon pearl,174
max and the midknights,175
refugee,176
louisiana's way home,177
blended,178
love from the very hungry caterpillar,179
superheroes are everywhere,180
pete the cat: valentine's day is cool,181
wings of fire,182
the bad guys,183
who was/is . . . ?,184
"the fork, the witch, and the worm",185
the wicked king,186
the gilded wolves,187
two can keep a secret,188
we are displaced,189
neverwhere,190
on the shoulders of titans,191
outlander,192
holding,193
i'll be gone in the dark,194
maid,195
the bullet journal method,196
endure,197
tb12 method,198
fly girls,199
unbroken,200
connections in death,201
the lost girls of paris,202
the silent patient,203
the wedding guest,204
"black leopard, red wolf",205
an american marriage,206
luck of the devil,207
shelter for quinn,208
fifty fifty,209
lilac girls,210
grateful american,211
midnight in chernobyl,212
let me finish,213
shortest way home,214
a serial killer's daughter,215
devotions,216
love poems for married people,217
early riser,218
the night tiger,219
the last romantics,220
team of vipers,221
the source of self-regard,222
parkland,223
figuring,224
the immortalists,225
juror #3,226
the proposal,227
the collected schizophrenias,228
fascism: a warning,229
hillbilly elegy,230
dreyer's english,231
the five love languages,232
under pressure,233
little leaders,234
the wild robot,235
the good egg,236
hugs and kisses for the grouchy ladybug,237
love: from sesame street,238
i survived,239
on the come up,240
king of scars,241
the sun is also a star,242
norse mythology,243
a killer's mind,244
mission critical,245
the first fifteen lives of harry august,246
the others,247
a discovery of witches,248
i owe you one,249
the threat,250
the good nurse,251
crashes and crises,252
the dichotomy of leadership,253
from the ground up,254
zucked,255
the uninhabitable earth,256
never enough,257
all-american murder,258
good to go,259
the boys in the boat,260
run away,261
celtic empire,262
the first lady,263
the woman in the window,264
wolf pack,265
cemetery road,266
daisy jones & the six,267
the fallen,268
silent night,269
the huntress,270
the right side of history,271
"kushner, inc.",272
doing justice,273
mama's last hug,274
madame fourcade's secret war,275
first: sandra day o'connor,276
say nothing,277
the island of sea women,278
the chef,279
the malta exchange,280
the case for trump,281
the moth presents occasional magic,282
i was anastasia,283
pleasure activism,284
utopia for realists,285
"girl, stop apologizing",286
the home edit,287
the longevity paradox,288
the wizenard: training camp,289
a beautiful day in the neighborhood,290
merci suárez changes gears,291
a velocity of being,292
pete the cat: big easter adventure,293
you are my happy,294
we don't eat our classmates!,295
the bad seed,296
because,297
big nate,298
the school for good and evil,299
internment,300
shout,301
the near witch,302
tiamat's wrath,303
renegades,304
good omens,305
pretty girls,306
you are a badass at making money,307
why we sleep,308
the impossible climb,309
inside the empire,310
26 marathons,311
after the miracle,312
liferider,313
redemption,314
the mister,315
normal people,316
the 13-minute murder,317
the overstory,318
lost roses,319
after,320
a gentleman in moscow,321
someone knows,322
star wars: master & apprentice,323
the second mountain,324
life will be the death of me,325
maybe you should talk to someone,326
the matriarch,327
save me the plums,328
lessons from lucy,329
a woman of no importance,330
falter,331
the cornwalls are gone,332
miracle at st. andrews,333
the department of sensitive crimes,334
working,335
commander in cheat,336
supermarket,337
something in the water,338
a dog's journey,339
tiger woods,340
next level basic,341
crushing,342
the path made clear,343
wolfpack,344
mostly plants,345
diary of an awesome friendly kid,346
katt vs. dogg,347
warriors: the broken code: lost stars,348
ada twist and the perilous pants,349
rumple buttercup,350
we are the gardeners,351
how to catch the easter bunny,352
don't let them disappear,353
a piglet named mercy,354
the red scrolls of magic,355
the fall of crazy house,356
neon prey,357
a clash of kings,358
the clockmaker's daughter,359
a storm of swords,360
chase darkness with me,361
america before,362
ladies who punch,363
trillion dollar coach,364
infinite powers,365
k,366
the cost of these dreams,367
108 stitches,368
"lebron, inc.",369
the night window,370
the 18th abduction,371
blessing in disguise,372
the never game,373
sunset beach,374
little fires everywhere,375
the guest book,376
the unhoneymooners,377
howard stern comes again,378
the pioneers,379
the mueller report,380
the british are coming,381
the moment of lift,382
furious hours,383
sacred duty,384
the big kahuna,385
exhalation,386
let love have the last word,387
full count,388
upheaval,389
the death of mrs. westaway,390
dark sacred night,391
shelter in place,392
"red, white and royal blue",393
the soul of america,394
searching for sunday,395
everything is f*cked,396
make your bed,397
daring greatly,398
clean & lean,399
the gifts of imperfection,400
endling: the first,401
aru shah and the song of death,402
a wolf called wander,403
i wish you more,404
dear girl,405
hair love,406
dear boy,407
because i had a teacher,408
theodore boone,409
caraval,410
princess in black,411
with the fire on high,412
"again, but better",413
we hunt the flame,414
dry,415
stepsister,416
heads will roll,417
storm cursed,418
truth and lies,419
deathtrap,420
a feast for crows,421
captives,422
unfreedom of the press,423
from scratch,424
"i will teach you to be rich, second edition",425
the latte factor,426
bottle of lies,427
all the way,428
sprawlball,429
darkness to light,430
just show up,431
mind and matter,432
summer of '69,433
city of girls,434
mrs. everything,435
before we were yours,436
unsolved,437
tom clancy: enemy contact,438
the oracle,439
cottage by the sea,440
there goes my heart,441
songs of america,442
sea stories,443
the choice,444
on earth we're briefly gorgeous,445
queen bee,446
fleishman is in trouble,447
fall; or dodge in hell,448
the last house guest,449
siege,450
the conservative sensibility,451
range,452
lake of the ozarks,453
elderhood,454
the handmaid's tale,455
big little lies,456
calypso,457
outliers,458
the glass castle,459
the hidden power of f*cking up,460
stay sexy and don't get murdered,461
medical medium celery juice,462
popularmmos presents enter the mine,463
waiting is not easy!,464
i love dad with the very hungry caterpillar,465
descendants,466
what was . . . ?,467
ghosts of the shadow market,468
the rest of the story,469
the poet x,470
the cactus,471
stan lee's alliances: a trick of light,472
one giant leap,473
underland,474
conscious,475
the sixth man,476
the mvp machine,477
play hungry,478
ballpark,479
the new girl,480
the nickel boys,481
the adventure zone: murder on the rockport limited!,482
under currents,483
window on the bay,484
evvie drake starts over,485
shamed,486
american carnage,487
three women,488
justice on trial,489
america's reluctant prince,490
they called us enemy,491
backlash,492
the chain,493
lost and found,494
red metal,495
the man who sold america,496
dapper dan: made in harlem,497
the underground railroad,498
the wedding party,499
the pigeon has to go to school!,500
moon's first friends,501
what do you do with an idea?,502
"sorry, grown-ups, you can't go to school!",503
giver quartet,504
"avatar, the last airbender: the rise of kyoshi",505
wilder girls,506
thrawn: treason,507
one good deed,508
whisper network,509
missing molly,510
age of legend,511
"the deep, deep snow",512
dark age,513
i can't make this up,514
radical candor,515
quiet,516
for the good of the game,517
if these walls could talk,518
the bitterroots,519
contraband,520
the inn,521
the art of racing in the rain,522
blood truth,523
the turn of the key,524
outfox,525
the wallflower wager,526
the warning,527
how to be an antiracist,528
ball of collusion,529
trick mirror,530
kochland,531
the yellow house,532
chances are ...,533
inland,534
a dangerous man,535
things you save in a fire,536
texas flood,537
the mosquito,538
beloved,539
the bluest eye,540
the goldfinch,541
"where'd you go, bernadette",542
the spy and the traitor,543
filthy rich,544
ghost boys,545
if i built a school,546
the day you begin,547
mix it up!,548
scary stories,549
house of salt and sorrows,550
the last widow,551
a better man,552
old bones,553
thank you for my service,554
how to hide an empire,555
dopesick,556
never settle,557
barbarian days,558
the institute,559
the testaments,560
land of wolves,561
it,562
the girl who lived twice,563
killer instinct,564
the stalking,565
vendetta in death,566
a little hatred,567
the titanic secret,568
talking to strangers,569
permanent record,570
call sign chaos,571
she said,572
the only plane in the sky,573
the education of an idealist,574
lifespan,575
"radicals, resistance and revenge",576
how to,577
red at the bone,578
the secrets we kept,579
this tender land,580
on fire,581
the whole truth,582
the paris orphan,583
winter in paradise,584
antoni in the kitchen,585
everything is figureoutable,586
what it takes,587
max einstein: rebels with a cause,588
charlie thorne and the last equation,589
just ask!,590
pete the cat: five little pumpkins,591
i am love,592
an elephant & piggie: biggie-biggie!,593
hey grandude!,594
the last kids on earth,595
american royals,596
frankly in love,597
loki: where mischief lies,598
the water dancer,599
vince flynn: lethal agent,600
inside out,601
over the top,602
the united states of trump,603
the ride of a lifetime,604
tools and weapons,605
guts,606
best friends,607
the umbrella academy: hotel oblivion,608
drama,609
persepolis,610
smile,611
pumpkinheads,612
batman: damned,613
mighty jack and zita the spacegirl,614
the batman who laughs,615
sisters,616
new kid,617
"dragon ball super, vol. 6",618
rusty brown,619
vince flynn: red war,620
shadow tyrants,621
hot shot,622
crucible,623
a column of fire,624
the couple next door,625
a long walk to water,626
the one and only ivan,627
out of my mind,628
restart,629
front desk,630
wish,631
inside out and back again,632
i am malala,633
salt to the sea,634
the absolutely true diary of a part-time indian,635
long way down,636
scythe,637
dear martin,638
all american boys,639
the boy in the striped pajamas,640
"everything, everything",641
the guardians,642
the 19th christmas,643
"olive, again",644
stealth,645
the dutch house,646
bloody genius,647
the giver of stars,648
doctor sleep,649
ninth house,650
what happens in paradise,651
me,652
catch and kill,653
blowout,654
the way i heard it,655
the body,656
home work,657
dear girls,658
on tyranny,659
the book of gutsy women,660
life undercover,661
resistance (at all costs),662
cilka's journey,663
child's play,664
letters from an astrophysicist,665
witch hunt,666
the great alone,667
a spark of light,668
unsheltered,669
in pieces,670
i really needed this today,671
the infinite game,672
trailblazer,673
rachael ray 50,674
super human,675
south,676
a tale of magic...,677
allies,678
look both ways,679
project middle school,680
tristan strong punches a hole in the sky,681
"good night, little blue truck",682
sulwe,683
parker looks up,684
this is baby,685
the crayons' christmas,686
the trials of apollo,687
hocus pocus and the all-new sequel,688
the secret commonwealth,689
the fountains of silence,690
wayward son,691
the beautiful,692
the grace year,693
the night fire,694
blue moon,695
the burning white,696
stillness is the key,697
fair play,698
shut up and listen!,699
"my hero academia, vol. 21",700
watchmen,701
white bird,702
open borders,703
sunny rolls the dice,704
ghosts,705
"the walking dead: compendium, vol. 4",706
"critical role vox machina: origins, vol. 1",707
"monstress, vol. 4",708
holy ghost,709
beauchamp hall,710
year one,711
kisses in the snow,712
alaskan holiday,713
play dirty,714
season of wonder,715
immortal born,716
bullets don't argue,717
city of ghosts,718
minecraft: the island,719
unicorn academy #1: sophia and rainbow,720
looking for alaska,721
i am not your perfect mexican daughter,722
the similars,723
twisted twenty-six,724
michael crichton: the andromeda evolution,725
the family upstairs,726
the deserter,727
the starless sea,728
triggered,729
sam houston and the alamo avengers,730
with all due respect,731
finding chika,732
a song for you,733
the plot to betray america,734
i heard you paint houses,735
the beautiful ones,736
nothing to see here,737
olive kitteridge,738
no one is too small to make a difference,739
on desperate ground,740
the pioneer woman cooks: the new frontier,741
"the boy, the mole, the fox and the horse",742
grit & grace,743
half baked harvest: super simple,744
nothing fancy,745
the complete baking book for young chefs,746
sisters first,747
"sofia valdez, future prez",748
pete the cat's 12 groovy days of christmas,749
how to catch a unicorn,750
arc of a scythe,751
keeper of the lost cities,752
call down the hawk,753
a minute to midnight,754
the rise of magicks,755
armageddon,756
star wars: resistance reborn,757
a warning,758
empire of the summer moon,759
the end is always near,760
the man who solved the market,761
strange planet,762
"my hero academia, vol. 1",763
stargazing,764
the midwinter witch,765
camp,766
teen titans: raven,767
leopard's wrath,768
sea of greed,769
you don't own me,770
never tell,771
wyoming heart,772
season of love,773
pax,774
malala: my story of standing up for girls' rights,775
let it snow,776
the librarian of auschwitz,777
criss cross,778
mobituaries,779
tom clancy: code of honor,780
the soul of an octopus,781
the blue zones kitchen,782
binging with babish,783
ali cross,784
dog diaries happy howlidays,785
good night stories for rebel girls,786
the serious goose,787
children of virtue and vengeance,788
the last wish,789
conviction,790
blood of elves,791
nathan hale's hazardous tales: major impossible,792
"my hero academia, vol. 22",793
baby-sitters little sister: karen's witch,794
the mueller report illustrated: the obstruction investigation,795
running scared,796
christmas with you,797
bloody trail of the mountain man,798
winter's proposal,799
the lying game,800
their perfect match,801
the boy who harnessed the wind,802
girl in the blue coat,803
the fault in our stars,804
lost,805
dear edward,806
such a fun age,807
moral compass,808
long bright river,809
the wives,810
tightrope,811
running against the devil,812
uncanny valley,813
american oligarchs,814
successful aging,815
boys & sex,816
you,817
the river murders,818
we must be brave,819
to shake the sleeping self,820
leadership strategy and tactics,821
7-day apple cider vinegar cleanse,822
brain wash,823
tiny habits,824
race to the sun,825
clean getaway,826
little legends: exceptional men in black history,827
love from the crayons,828
tomorrow i'll be kind,829
"i am martin luther king, jr",830
five nights at freddy's,831
one of us is next,832
infinity son,833
"loveboat, taipei",834
the night country,835
american dirt,836
sword of destiny,837
the time of contempt,838
the things we cannot say,839
the martian,840
a very stable genius,841
profiles in corruption,842
fgteev presents: into the game!,843
"the legend of zelda: twilight princess, vol. 6",844
"demon slayer: kimetsu no yaiba, vol. 10",845
"bowie: stardust, rayguns, & moonage daydreams",846
the boy,847
pieces of her,848
cut and run,849
huckleberry lake,850
the coming storm,851
the best of us,852
vendetta road,853
preacher's frenzy,854
the unteachables,855
nevermoor: the trials of morrigan crow,856
the book thief,857
the lost,858
golden in death,859
crooked river,860
a long petal of the sea,861
open book,862
why we're polarized,863
weather,864
when you see me,865
the big goodbye,866
why we can't sleep,867
nature's best hope,868
the book woman of troublesome creek,869
the scent keeper,870
braiding sweetgrass,871
get out of your head,872
floret farm's a year in flowers,873
legacy and the queen,874
epoca: the tree of ecrof,875
i am enough,876
the undefeated,877
a good girl's guide to murder,878
the queen's assassin,879
yes no maybe so,880
valkyrie,881
one minute out,882
dark towers,883
the splendid and the vile,884
snug,885
"my hero academia, vol. 23",886
investigators,887
harleen,888
ambush,889
unspoken,890
the oysterville sewing circle,891
country strong,892
hunting for a highlander,893
chasing cassandra,894
temptation's darling,895
the flight attendant,896
the stranger,897
code name verity,898
all the bright places,899
the boy from the woods,900
smoke bitten,901
hit list,902
in five years,903
the mirror & the light,904
star wars: the rise of skywalker,905
a conspiracy of bones,906
blindside,907
long range,908
journey of the pharaohs,909
untamed,910
the great influenza,911
the gift of forgiveness,912
deadliest enemy,913
john adams under fire,914
my dark vanessa,915
house of earth and blood,916
the hope of glory,917
unknown valor,918
how to be an artist,919
deaths of despair and the future of capitalism,920
the hunting party,921
lost boy found,922
chesapeake requiem,923
the odd 1s out: the first sequel,924
find your path,925
get out of your own way,926
wings of fire: legends: dragonslayer,927
if we were giants,928
the good egg presents: the great eggscape!,929
pete the cat: the great leprechaun chase,930
how to catch a leprechaun,931
chain of gold,932
stamped,933
the eyes of darkness,934
the stand,935
the jetsetters,936
mythos,937
the ultimate retirement guide for 50+,938
capital and ideology,939
"one-punch man, vol. 19",940
"demon slayer: kimetsu no yaiba, vol. 11",941
"dragon ball super, vol. 8",942
longing for yesterday,943
the cliff house,944
rope burn,945
home sweet home,946
the crossover,947
the twin,948
five nights at freddy’s: fazbear frights: fetch,949
lovely war,950
masked prey,951
the last emperox,952
savage son,953
the glass hotel,954
redhead by the side of the road,955
the house of kennedy,956
hidden valley road,957
front row at the trump show,958
about your father and other celebrities i have known,959
unorthodox,960
fortitude,961
valentine,962
the book of lost friends,963
texas outlaw,964
arguing with socialists,965
more myself,966
the last book on the left,967
hell and other destinations,968
leave only footprints,969
everything i never told you,970
revenge,971
call me by your name,972
"wow, no thank you",973
"magnolia table, vol. 2",974
flour water salt yeast,975
what it's like to be a bird,976
"food network magazine: the big, fun kids cookbook",977
the wizenard series: season one,978
the cool bean,979
magic tree house,980
the hunger games,981
they went left,982
redemption prep,983
if it bleeds,984
walk the wire,985
escape from virtual island,986
camino winds,987
chaos,988
joy at work,989
nat enough,990
"check, please!: sticks and scones",991
"my hero academia, vol. 2",992
envious,993
camino island,994
denim and diamonds,995
the view from alameda island,996
white pines summer,997
the heart of the home,998
the miraculous journey of edward tulane,999
the perks of being a wallflower,1000
five nights at freddy’s: fazbear frights: into the pit,1001
big summer,1002
the 20th victim,1003
on ocean boulevard,1004
the last trial,1005
beach read,1006
rodham,1007
all adults here,1008
a week at the shore,1009
plague of corruption,1010
the chiffon trenches,1011
american crusade,1012
the world,1013
the book of longings,1014
"hello, summer",1015
the lincoln conspiracy,1016
the rural diaries,1017
relationship goals,1018
medical medium cleanse to heal,1019
the one and only bob,1020
an elephant and piggie biggie!,1021
the betrothed,1022
clap when you land,1023
the terminal list,1024
hideaway,1025
the henna artist,1026
fair warning,1027
"hustle harder, hustle smarter",1028
this is not a fashion story,1029
the price of peace,1030
becoming brianna,1031
jacky ha-ha,1032
"demon slayer: kimetsu no yaiba, vol. 12",1033
the amber anthem,1034
shadow flight,1035
deep harbor,1036
sins of the fathers,1037
morning comes softly,1038
die with the outlaws,1039
28 summers,1040
the vanishing half,1041
the summer house,1042
american demon,1043
the guest list,1044
deacon king kong,1045
devolution,1046
so you want to talk about race,1047
countdown 1945,1048
the color of law,1049
stamped from the beginning,1050
why are all the black kids sitting together in the cafeteria?,1051
me and white supremacy,1052
i'm still here,1053
between the world and me,1054
tom clancy: firing point,1055
daddy's girls,1056
the art of her deal,1057
united states of socialism,1058
the hardest job in the world,1059
hood feminism,1060
hush,1061
homegoing,1062
the last train to key west,1063
americanah,1064
white rage,1065
waking up white,1066
why i'm no longer talking to white people about race,1067
the color of compromise,1068
the warmth of other suns,1069
fast. feast. repeat,1070
last stop on market street,1071
the world needs more purple people,1072
all are welcome,1073
artemis fowl,1074
court of thorns and roses,1075
the lies that bind,1076
the room where it happened,1077
the buddha and the badass,1078
the deficit myth,1079
stranger planet,1080
"my hero academia, vol. 24",1081
the dark side,1082
last girl standing,1083
envy,1084
stealing home,1085
rising fire,1086
the yankee widow,1087
brown girl dreaming,1088
this book is anti-racist,1089
we were liars,1090
piecing me together,1091
the order,1092
peace talks,1093
sex and vanity,1094
a walk along the beach,1095
cajun justice,1096
utopia avenue,1097
too much and never enough,1098
begin again,1099
a very punchable face,1100
mexican gothic,1101
big friendship,1102
blitz,1103
separated,1104
breath,1105
lady in the lake,1106
trixie & katya's guide to modern womanhood,1107
be the bridge,1108
antiracist baby,1109
hawk,1110
the sandman,1111
pretty things,1112
near dark,1113
memoirs and misinformation,1114
how to destroy america in three easy steps,1115
the biggest bluff,1116
traffic secrets,1117
the adventure zone: petals to the metal,1118
baby-sitters little sister: karen's roller skates,1119
march: book one,1120
"avatar, the last airbender: the promise omnibus",1121
act,1122
march: book three,1123
march: book two,1124
desolation road,1125
summer at lake haven,1126
a slice of heaven,1127
twenty-one wishes,1128
they came to kill,1129
love is blind,1130
fish in a tree,1131
six of crows,1132
royal,1133
the jackal,1134
the midwife murders,1135
1st case,1136
live free or die,1137
caste,1138
live in love,1139
the answer is ...,1140
finding freedom,1141
it was all a lie,1142
the lions of fifth avenue,1143
lovecraft country,1144
the long call,1145
intimations,1146
my grandmother's hands,1147
doesn't hurt to ask,1148
the end of alzheimer's program,1149
superlife,1150
life is in the transitions,1151
rowley jefferson's awesome friendly adventure,1152
finish the fight!,1153
i promise,1154
kamala and maya's big idea,1155
the twilight saga,1156
raybearer,1157
critical mass,1158
the silent wife,1159
a private cathedral,1160
hoax,1161
evil geniuses,1162
the lazy genius way,1163
the umbrella academy: apocalypse suite,1164
the umbrella academy: dallas,1165
"demon slayer: kimetsu no yaiba, vol. 1",1166
"critical role, vox machina: origins, vol. 2",1167
american born chinese,1168
venus in the blind spot,1169
paranoid,1170
the cowboy's lady,1171
the cornwalls vanish,1172
labyrinth,1173
feels like family,1174
dark illusion,1175
deadly touch,1176
they both die at the end,1177
the evening and the morning,1178
vince flynn: total power,1179
troubled blood,1180
to sleep in a sea of stars,1181
shadows in death,1182
anxious people,1183
all the devils are here,1184
piranesi,1185
one by one,1186
the harbinger ii,1187
squeeze me,1188
fifty words for rain,1189
rage,1190
blackout,1191
disloyal,1192
killing crazy horse,1193
compromised,1194
speaking for myself,1195
everything beautiful in its time,1196
melania and me,1197
transcendent kingdom,1198
his truth is marching on,1199
eat a peach,1200
i'm thinking of ending things,1201
the home edit life,1202
skinnytaste meal prep,1203
think like a monk,1204
welcome home,1205
three keys,1206
the silver arrow,1207
creepy pair of underwear,1208
creepy carrots!,1209
wild symphony,1210
i am every good thing,1211
grown,1212
legendborn,1213
the lost book of the white,1214
punching the air,1215
cemetery boys,1216
battle ground,1217
dune,1218
heaven's river,1219
thrawn ascendancy: chaos rising,1220
the return,1221
the autobiography of malcolm x,1222
the meaning of mariah carey,1223
the dynasty,1224
how to lead,1225
no rules rules,1226
lives of the stoics,1227
how i built this,1228
teen titans: beast boy,1229
fangs,1230
the horrifyingly haunted hack-a-ween,1231
investigators: take the plunge,1232
"demon slayer: kimetsu no yaiba, vol. 16",1233
the family lawyer,1234
truth and justice,1235
wildflower ridge,1236
finding you again,1237
the last odyssey,1238
someone to romance,1239
sadie,1240
a time for mercy,1241
the searcher,1242
troubles in paradise,1243
the book of two ways,1244
the invisible life of addie larue,1245
return to virgin river,1246
jingle all the way,1247
invisible girl,1248
leave the world behind,1249
the coast-to-coast murders,1250
is this anything?,1251
american crisis,1252
ten lessons for a post-pandemic world,1253
humans,1254
one vote away,1255
trumpty dumpty wanted a crown,1256
the 99% invisible city,1257
dandelion,1258
what unites us,1259
modern comfort food,1260
this just speaks to me,1261
the happy in a hurry cookbook,1262
didn't see that coming,1263
ottolenghi flavor,1264
solutions and other problems,1265
how to write one song,1266
a tale of witchcraft...,1267
becoming muhammad ali,1268
superpowered,1269
the office: a day at dunder mifflin elementary,1270
i am anne frank,1271
i dissent,1272
all this time,1273
dear justyce,1274
the black kids,1275
the sentinel,1276
greenlights,1277
the immortality key,1278
make life beautiful,1279
class act,1280
"my hero academia, vol. 25",1281
march trilogy,1282
"avatar, the last airbender: the search omnibus",1283
through the moon,1284
spy,1285
final option,1286
the gift of love,1287
kiss the girls and make them cry,1288
whispering rock,1289
immortal angel,1290
christmas kisses with my cowboy,1291
lethal game,1292
a knife in the heart,1293
milk bar: kids only,1294
harbor me,1295
an ember in the ashes,1296
rhythm of war,1297
daylight,1298
home body,1299
the law of innocence,1300
all that glitters,1301
tom clancy: shadow of the dragon,1302
fortune and glory,1303
piece of my heart,1304
a promised land,1305
"dolly parton, songteller",1306
no time like the future,1307
frontier follies,1308
hrh,1309
the best of me,1310
uncomfortable conversations with a black man,1311
first principles,1312
i would leave me if i could,1313
marauder,1314
shuggie bain,1315
the queen's gambit,1316
interior chinatown,1317
what kind of woman,1318
miss benson's beetle,1319
no one asked for this,1320
lead from the outside,1321
dreams from my father,1322
forgiving what you can't forget,1323
heroes' feast: the official dungeons & dragons cookbook,1324
pieometry,1325
the ickabog,1326
this is your time,1327
the world needs who you were made to be,1328
5 more sleeps 'til christmas,1329
an elephant and piggie: biggie-biggie-biggie!,1330
how to catch a turkey,1331
these violent delights,1332
the inheritance games,1333
kingdom of the wicked,1334
love & olives,1335
ready player two,1336
the awakening,1337
clanlands,1338
pappyland,1339
post corona,1340
edison,1341
a wealth of pigeons,1342
happy narwhalidays,1343
blades of freedom,1344
sapiens: a graphic history,1345
batman: three jokers,1346
leopard's rage,1347
a christmas message,1348
the museum of desire,1349
wyoming true,1350
spirit of the season,1351
a macgregor christmas,1352
a maccallister christmas,1353
the christmas backup plan,1354
five total strangers,1355
serpent and dove,1356
deadly cross,1357
the midnight library,1358
nypd red 6,1359
bag man,1360
world of wonders,1361
the last days of john lennon,1362
modern warriors,1363
the song of achilles,1364
ready player one,1365
dessert person,1366
stuff you should know,1367
how to catch a mermaid,1368
"share some kindness, bring some light",1369
the cousins,1370
"avatar, the last airbender: the shadow of kyoshi",1371
essentially charli,1372
the black friend,1373
brushfire,1374
the duke and i,1375
cat kid comic club,1376
remina,1377
"attack on titan, vol. 1",1378
texas kill of the mountain man,1379
the morning after,1380
someday with you,1381
white hot,1382
a warm heart in winter,1383
"hello, universe",1384
before she disappeared,1385
the push,1386
neighbors,1387
firefly lane,1388
the viscount who loved me,1389
the scorpion's tail,1390
news of the world,1391
a swim in a pond in the rain,1392
star wars: light of the jedi,1393
the doctors blackwell,1394
you'll never believe what happened to lacey,1395
wintering,1396
the house in the cerulean sea,1397
the authenticity project,1398
the seven husbands of evelyn hugo,1399
keep sharp,1400
quit like a woman,1401
fast this way,1402
ambitious girl,1403
little blue truck's valentine,1404
champ and major: first dogs,1405
kamala harris: rooted in justice,1406
joey,1407
the graceling realm,1408
concrete rose,1409
lore,1410
we free the stars,1411
an offer from a gentleman,1412
romancing mister bridgerton,1413
just as i am,1414
one decision,1415
"know yourself, know your money",1416
"my hero academia, vol. 26",1417
baby-sitters little sister: karen's worst day,1418
"jujutsu kaisen, vol. 1",1419
an irish wish,1420
the lost and found bookshop,1421
finally you,1422
preacher's carnage,1423
bitter pill,1424
blood in the dust,1425
the warsaw protocol,1426
sisters by choice,1427
a court of silver flames,1428
the four winds,1429
relentless,1430
missing and endangered,1431
the sanatorium,1432
faithless in death,1433
the russian,1434
how to avoid a climate disaster,1435
the sum of us,1436
walk in my combat boots,1437
between two kingdoms,1438
think again,1439
four hundred souls,1440
the daughters of kobani,1441
the black church,1442
unmasked,1443
the paris library,1444
the girl from the channel islands,1445
fly away,1446
eight perfect murders,1447
nomadland,1448
ground zero,1449
amari and the night brothers,1450
we are water protectors,1451
the tale of the mandarin duck,1452
rush revere,1453
star wars: into the dark,1454
the gilded ones,1455
believe it,1456
claudia and the new girl,1457
grime and punishment,1458
in love & pajamas,1459
the dark secret,1460
fetch-22,1461
for whom the ball rolls,1462
brawl of the wild,1463
the twisted ones,1464
lord of the fleas,1465
logan likes mary anne!,1466
gina — the girl who broke the world,1467
"the promised neverland, vol. 1",1468
the numbers game,1469
reckless road,1470
"to sir phillip, with love",1471
highland treasure,1472
the sea glass cottage,1473
when he was wicked,1474
city spies,1475
black heroes,1476
flora and ulysses,1477
all the stars and teeth,1478
crooked kingdom,1479
win,1480
wild sign,1481
later,1482
life after death,1483
klara and the sun,1484
the rose code,1485
we begin at the end,1486
dark sky,1487
this is the fire,1488
the code breaker,1489
fast ice,1490
the affair,1491
the lost apothecary,1492
"hunt, gather, parent",1493
nöthin' but a good time,1494
lady bird johnson,1495
the coldest winter ever,1496
split second,1497
minor feelings,1498
"eat better, feel better",1499
"set boundaries, find peace",1500
how to do the work,1501
beyond order,1502
everything will be okay,1503
"no pain, no gaines",1504
becoming: adapted for young readers,1505
wow in the world,1506
pete the cat: five little bunnies,1507
eyes that kiss in the corners,1508
awesome friendly kid,1509
minecraft official novels,1510
five nights at freddy's: fazbear frights,1511
shadow and bone trilogy,1512
firekeeper's daughter,1513
chain of iron,1514
namesake,1515
cosmic queries,1516
"good girl, bad blood",1517
a world without email,1518
get good with money,1519
mothering heights,1520
"chainsaw man, vol. 1",1521
dog man and cat kid,1522
it's in his kiss,1523
by the neck,1524
on the way to the wedding,1525
fairy-tale forever,1526
the lake,1527
the downstairs girl,1528
ocean prey,1529
the hill we climb,1530
the devil's hand,1531
stargazer,1532
the good sister,1533
the red book,1534
when the stars go dark,1535
on the house,1536
empire of pain,1537
broken horses,1538
broken,1539
beautiful things,1540
the god equation,1541
good company,1542
northern spy,1543
the light of days,1544
the palm beach murders,1545
leaving isn't the hardest thing,1546
the women of the bible speak,1547
the hero code,1548
the pepper thai cookbook,1549
the way of integrity,1550
fast burn!,1551
when you trap a tiger,1552
the rock from the sky,1553
what the road said,1554
itty-bitty kitty-corn,1555
rule of wolves,1556
a gambling man,1557
sooley,1558
thrawn ascendancy: greater good,1559
bloodline,1560
true believer,1561
what happened to you?,1562
the bomber mafia,1563
fgteev saves the world!,1564
"my hero academia, vol. 27",1565
"chainsaw man, vol. 4",1566
"chainsaw man, vol. 2",1567
"jujutsu kaisen, vol. 9",1568
"demon slayer: kimetsu no yaiba, vol. 2",1569
"spy x family, vol. 1",1570
the wedding dress,1571
the country guesthouse,1572
catch my heart,1573
"blood, guts, and glory",1574
"black brother, black brother",1575
the last thing he told me,1576
project hail mary,1577
21st birthday,1578
while justice sleeps,1579
that summer,1580
people we meet on vacation,1581
the plot,1582
the soulmate equation,1583
the anthropocene reviewed,1584
zero fail,1585
killing the mob,1586
noise,1587
the premonition,1588
yearbook,1589
facing the mountain,1590
the devil may dance,1591
where the grass is green and the girls are pretty,1592
finding ashley,1593
breaking the news,1594
billie eilish,1595
hamnet,1596
the woman with the blue star,1597
the hundred years' war on palestine,1598
you will get through this night,1599
world travel,1600
stamped (for kids),1601
best nerds forever,1602
"thank you, teacher from the very hungry caterpillar",1603
shady baby,1604
the circles all around us,1605
realm breaker,1606
mister impossible,1607
tokyo ever after,1608
legacy,1609
the tyranny of big tech,1610
you're invited,1611
amazon unbound,1612
"attack on titan, 33",1613
when stars are scattered,1614
truly tyler,1615
the secret to superhuman strength,1616
"demon slayer: kimetsu no yaiba, vol. 8",1617
shadow storm,1618
seaside springtime,1619
country proud,1620
lone wolf,1621
outlaw country,1622
meant to be immortal,1623
two little girls in blue,1624
wrath of poseidon,1625
crenshaw,1626
the president's daughter,1627
the maidens,1628
malibu rising,1629
golden girl,1630
the other black girl,1631
million dollar demon,1632
live your life,1633
on juneteenth,1634
how the word is passed,1635
in the heights: finding home,1636
somebody's daughter,1637
tom clancy: target acquired,1638
the sweetness of water,1639
crying in h mart,1640
the man i knew,1641
it ends with us,1642
freed,1643
one last stop,1644
the warsaw orphan,1645
the plant-based athlete,1646
the islanders,1647
the game master: summer schooled,1648
what is god like?,1649
why a daughter needs a dad,1650
the bench,1651
why a son needs a dad,1652
the box in the woods,1653
ace of spades,1654
breakaway,1655
local woman missing,1656
after the fall,1657
winning,1658
"my hero academia, vol. 28",1659
"chainsaw man, vol. 5",1660
"jujutsu kaisen, vol. 10",1661
"demon slayer: kimetsu no yaiba, vol. 22",1662
"spy x family, vol. 5",1663
once upon a time in hollywood,1664
someday soon,1665
wicked lies,1666
summer breezes,1667
the unforgiven,1668
credible threat,1669
red river vengeance,1670
small town dreams,1671
the cellist,1672
it's better this way,1673
the paper palace,1674
falling,1675
american marxism,1676
landslide,1677
"frankly, we did win this election",1678
how i saved the world,1679
this is your mind on plants,1680
an ugly truth,1681
trejo,1682
nine lives,1683
the personal librarian,1684
the final girl support group,1685
while we were dating,1686
the shadow,1687
the beauty in breaking,1688
kitchen confidential,1689
subpar parks,1690
the comfort book,1691
"love people, use things",1692
"ali cross: like father, like son",1693
"dude perfect 101 tricks, tips, and cool stuff",1694
"time for school, little blue truck",1695
simon snow trilogy,1696
the taking of jake livingston,1697
six crimson cranes,1698
black ice,1699
false witness,1700
i alone can fix it,1701
meateater's campfire stories: close calls,1702
the authoritarian moment,1703
the bad guys in cut to the chase,1704
the adventure zone: the crystal kingdom,1705
karen's kittycat club,1706
close to you,1707
susannah's garden,1708
shakeup,1709
half moon bay,1710
a brambleberry summer,1711
someone we know,1712
devil in disguise,1713
14 ways to die,1714
bloodless,1715
billy summers,1716
complications,1717
the noise,1718
"woke, inc.",1719
the long slide,1720
all in,1721
chasing the boogeyman,1722
we were never here,1723
breathe,1724
verity,1725
ugly love,1726
agent sonya,1727
the other wes moore,1728
four thousand weeks,1729
black boy joy,1730
the official harry potter baking book,1731
you matter,1732
school's first day of school,1733
folk of the air,1734
small favors,1735
the madness of crowds,1736
nolyn,1737
the family firm,1738
"jujutsu kaisen, vol. 11",1739
"demon slayer: kimetsu no yaiba, vol. 23",1740
"chainsaw man, vol. 6",1741
sensor,1742
dog man unleashed,1743
you betrayed me,1744
the courtship of carol sommars,1745
deadlock,1746
loved you first,1747
hunter's moon,1748
heart and soul,1749
apples never fall,1750
vince flynn: enemy at the gates,1751
harlem shuffle,1752
"beautiful world, where are you",1753
forgotten in death,1754
a slow fire burning,1755
the love hypothesis,1756
the wisdom of crowds,1757
empire of the vampire,1758
countdown bin laden,1759
a hunter-gatherer's guide to the 21st century,1760
fuzz,1761
unbound,1762
you got anything stronger?,1763
wildland,1764
where tomorrows aren't promised,1765
travels with george,1766
beautiful country,1767
the dressmakers of auschwitz,1768
matrix,1769
the sisters of auschwitz,1770
the deepest south of all,1771
nudge: the final edition,1772
an unapologetic cookbook,1773
the perfect day to boss up,1774
once upon a chef: weeknight/weekend,1775
hear yourself,1776
cook once dinner fix,1777
final season,1778
we are family,1779
"pax, journey home",1780
willodeen,1781
"gustavo, the shy ghost",1782
"the bad seed presents: the good, the bad, and the spooky",1783
the rabbit listened,1784
a twisted tale,1785
the hawthorne legacy,1786
defy the night,1787
white smoke,1788
these hollow vows,1789
the witch haven,1790
the sandman: act ii,1791
the night she disappeared,1792
the eye of the world,1793
peril,1794
vanderbilt,1795
based on a true story,1796
the afghanistan papers,1797
dopamine nation,1798
red roulette,1799
"my hero academia, vol. 29",1800
kristy and the snobs,1801
friends forever,1802
hooky,1803
country weddings,1804
hidden,1805
keeping secrets,1806
maple leaf harvest,1807
dark song,1808
the light in hidden places,1809
girl in pieces,1810
the judge's list,1811
the lincoln highway,1812
the wish,1813
state of terror,1814
dear santa,1815
cloud cuckoo land,1816
oh william!,1817
silverview,1818
over my dead body,1819
not all diamonds and rosé,1820
to rescue the republic,1821
the storyteller,1822
midnight in washington,1823
the boys,1824
e.r. nurses,1825
taste,1826
the first 21,1827
the book of hope,1828
the beatles: get back,1829
crossroads,1830
the butler,1831
where the deer and the antelope play,1832
music is history,1833
2 sisters detective agency,1834
the once and future witches,1835
some things i still can't tell you,1836
the greatest beer run ever,1837
eleanor,1838
the last duel,1839
it worked for me,1840
the pioneer woman cooks--super easy!,1841
the forever dog,1842
that sounds so good,1843
baking with dorie,1844
feeding the soul (because it's my business),1845
gastro obscura,1846
the christmas pig,1847
pony,1848
the cursed carnival and other calamities,1849
change sings,1850
pete the cat's groovy imagination,1851
an elephant and piggie biggie! vol. 4,1852
misty the cloud,1853
how to catch a monster,1854
aristotle and dante dive into the waters of the world,1855
kingdom of the cursed,1856
within these wicked walls,1857
once upon a broken heart,1858
iron widow,1859
better off dead,1860
going there,1861
a carnival of snackery,1862
i'll take your questions now,1863
there is nothing for you here,1864
the daily laws,1865
"chainsaw man, vol. 7",1866
"attack on titan, vol. 34",1867
"jujutsu kaisen, vol. 12",1868
"spy x family, vol. 6",1869
the perfect christmas,1870
when all hell broke loose,1871
a forever kind of love,1872
hush-hush,1873
the unknown,1874
ghost squad,1875
none shall sleep,1876
mercy,1877
the dark hours,1878
the stranger in the lifeboat,1879
clive cussler's the devil's sea,1880
tom clancy: chain of command,1881
termination shock,1882
game on,1883
never,1884
guild boss,1885
the 1619 project,1886
all american christmas,1887
betrayal,1888
will,1889
the real anthony fauci,1890
the lyrics: 1956 to the present,1891
the president and the freedom fighter,1892
the dawn of everything,1893
welcome to dunder mifflin,1894
the house of gucci,1895
immune,1896
the christmas bookshop,1897
november 9,1898
the wife upstairs,1899
the midwest survival guide,1900
the dictionary of obscure sorrows,1901
daughter of the deep,1902
out of my heart,1903
how do you live?,1904
the 1619 project: born on the water,1905
make your bed with skipper the seal,1906
"aaron slater, illustrator",1907
the smart cookie,1908
jan brett's the nutcracker,1909
shatter me,1910
our violent ends,1911
you've reached sam,1912
gilded,1913
go tell the bees that i am gone,1914
the becoming,1915
thrawn ascendancy: lesser evil,1916
reaper,1917
both/and,1918
woke racism,1919
"lore olympus, vol. 1",1920
the bad guys in they're bee-hind you!,1921
"solo leveling, vol. 3",1922
murder of innocence,1923
serpentine,1924
autumn nights,1925
christmas at holiday house,1926
a death valley christmas,1927
a virgin river christmas,1928
never after: the thirteenth fairy,1929
seven dirty secrets,1930
the grimrose girls,1931
call us what we carry,1932
wish you were here,1933
fear no evil,1934
all about love,1935
these precious days,1936
heaven official's blessing,1937
grandmaster of demonic cultivation,1938
the scum villain's self-saving system,1939
entangled life,1940
atlas of the heart,1941
skinnytaste air fryer dinners,1942
principles for dealing with the changing world order,1943
"stuntboy, in the meantime",1944
dasher,1945
little red sleigh,1946
you'll be the death of me,1947
leviathan falls,1948
fallout,1949
autopsy,1950
all about me!,1951
flying blind,1952
perspectives,1953
the brightest night,1954
"chainsaw man, vol. 8",1955
"jujutsu kaisen, vol. 13",1956
"jujutsu kaisen, vol. 0",1957
thick as thieves,1958
texarkana,1959
slaughter of the mountain man,1960
winter weddings,1961
someone perfect,1962
the rescue,1963
little lies,1964
the kaiser's web,1965
a whale of the wild,1966
aristotle and dante discover the secrets of the universe,1967
one step too far,1968
the maid,1969
lightning in a mirror,1970
electric idol,1971
enough already,1972
the betrayal of anne frank,1973
unthinkable,1974
blood in the garden,1975
just pursuit,1976
the horsewoman,1977
to paradise,1978
something to hide,1979
the great reset,1980
station eleven,1981
the year of magical thinking,1982
the three mothers,1983
the comfortable kitchen,1984
nom nom paleo: let's go!,1985
stacey’s extraordinary words,1986
in my heart,1987
the abcs of black history,1988
who are your people?,1989
throne of glass,1990
the nsibidi scripts,1991
anatomy,1992
ain't burned all the bright,1993
here's to us,1994
star wars: the fallen star,1995
a flicker in the dark,1996
red-handed,1997
if you ask me,1998
baby steps millionaires,1999
the lords of easy money,2000
demon slayer: kimetsu no yaiba--stories of water and flame,2001
the fourth closet,2002
"chainsaw man, vol. 3",2003
"dragon ball super, vol. 15",2004
"heartstopper, vol. 4",2005
tough customer,2006
reacher: killing floor,2007
annihilation road,2008
till murder do us part,2009
evenings by the fire,2010
savage road,2011
19 yellow moon road,2012
the magic circle,2013
biscuits and gravy,2014
last night at the telegraph club,2015
house of sky and breath,2016
diablo mesa,2017
sierra six,2018
abandoned in death,2019
the christie affair,2020
from strength to strength,2021
the nineties,2022
stolen focus,2023
watergate,2024
how to be perfect,2025
"moon witch, spider king",2026
gwendy's final task,2027
dawnshard,2028
the power of regret,2029
"heaven official's blessing: tian guan ci fu, vol. 2",2030
the spanish love deception,2031
the overnight guest,2032
all that she carried,2033
my friend anna,2034
life force,2035
plantyou,2036
good enough,2037
drop acid,2038
the last cuentista,2039
eyes that speak to the stars,2040
crave,2041
this woven kingdom,2042
i must betray you,2043
dark horse,2044
the paris apartment,2045
killing floor,2046
the laws of human nature,2047
"good-bye stacey, good-bye",2048
maus i: a survivor's tale: my father bleeds history,2049
"chainsaw man, vol. 9",2050
"jujutsu kaisen, vol. 14",2051
the silver eyes,2052
maus ii: a survivor's tale: and here my troubles began,2053
karen's school picture,2054
highland wolf,2055
the path to sunshine cove,2056
springtime sunshine,2057
book of dreams,2058
arctic storm rising,2059
prairie fire,2060
the accidental apprentice,2061
ways to make sunshine,2062
the match,2063
"run, rose, run",2064
shadows reel,2065
give unto others,2066
the kaiju preservation society,2067
the lightning rod,2068
one italian summer,2069
one damn thing after another,2070
lessons from the edge,2071
in love,2072
endurance,2073
the gates of europe,2074
the atlas six,2075
the book of cold cases,2076
high stakes,2077
the club,2078
the love of my life,2079
allow me to retort,2080
woman on fire,2081
madhouse at the end of the earth,2082
red famine,2083
blood and treasure,2084
the wok,2085
the whole body reset,2086
find your people,2087
the ogress and the orphans,2088
new from here,2089
"i'm not scared, you're scared",2090
pretty perfect kitty-corn,2091
why not you?,2092
gallant,2093
loveless,2094
the golden couple,2095
the recovery agent,2096
comedy comedy comedy drama,2097
ceo excellence,2098
"my hero academia, vol. 30",2099
afraid,2100
a wish upon a dress,2101
the girls in the garden,2102
secrets by nightfall,2103
sunrise on half moon bay,2104
the violent storm,2105
double jeopardy,2106
the fear,2107
house of hollow,2108
the investigator,2109
the sacred bridge,2110
sea of tranquility,2111
what happened to the bennetts,2112
freezing order,2113
"hello, molly!",2114
left on tenth,2115
bittersweet,2116
recessional,2117
red notice,2118
still just a geek,2119
pandora's jar,2120
time is a mother,2121
the diamond eye,2122
lessons in chemistry,2123
french braid,2124
the candy house,2125
love that story,2126
growing up biden,2127
women in white coats,2128
the mothers and daughters of the bible speak,2129
half baked harvest every day,2130
brighter by the day,2131
i guess i haven't learned that yet,2132
river,2133
nana loves you more,2134
a magic steeped in poison,2135
she gets the girl,2136
hotel magnifique,2137
dream town,2138
finding me,2139
idiots,2140
the war on the west,2141
the palace papers,2142
on purpose,2143
chainsaw man vol. 10,2144
"jujutsu kaisen, vol. 15",2145
"spy x family, vol. 7",2146
fgteev: the switcheroo rescue!,2147
"heartstopper, vol. 1",2148
shadow fire,2149
any sunday,2150
dark night in big rock,2151
cell,2152
the memory thief,2153
my dearest darkest,2154
lock the doors,2155
in the blood,2156
book lovers,2157
22 seconds,2158
this time tomorrow,2159
something wilder,2160
the summer place,2161
the office bffs,2162
phil,2163
killing the killers,2164
river of the gods,2165
mean baby,2166
this will not pass,2167
we were dreamers,2168
a sacred oath,2169
under the banner of heaven,2170
the power of crisis,2171
book of night,2172
the island,2173
the homewreckers,2174
razzmatazz,2175
the lost summers of newport,2176
created equal,2177
"grandmaster of demonic cultivation: mo dao zu shi, vol. 2",2178
all your perfects,2179
the dictionary of lost words,2180
patriarchy blues,2181
lily's promise,2182
the fiber fueled cookbook,2183
"make, sew and mend",2184
skandar and the unicorn thief,2185
the marvellers,2186
lines of courage,2187
zachary ying and the dragon emperor,2188
be you!,2189
perfectly pegasus,2190
not quite narwhal,2191
dragon masters,2192
the summer i turned pretty trilogy,2193
family of liars,2194
i kissed shara wheeler,2195
rising troublemaker,2196
see you yesterday,2197
once upon a k-prom,2198
welcome to the universe in 3d,2199
out of the corner,2200
how the world really works,2201
anna,2202
the earned life,2203
build,2204
"heartstopper, vol. 2",2205
"heartstopper, vol. 3",2206
remarkably ruby,2207
death note short stories,2208
"solo leveling, vol. 4",2209
country born,2210
immortal rising,2211
the saboteurs,2212
montana,2213
the devil's crossing,2214
the last fallen star,2215
all our hidden gifts,2216
the hotel nantucket,2217
sparring partners,2218
horse,2219
every summer after,2220
battle for the american mind,2221
"i'd like to play alone, please",2222
james patterson,2223
happy-go-lucky,2224
rough draft,2225
how to raise an antiracist,2226
the end of the world is just the beginning,2227
meant to be,2228
tom clancy: zero hour,2229
nightwork,2230
scars and stripes,2231
search for treasure,2232
noodle and the no bones day,2233
goodnight racism,2234
hell followed with us,2235
match game,2236
the man who broke capitalism,2237
"chainsaw man, vol. 11",2238
"jujutsu kaisen, vol. 16",2239
"spy x family, vol. 2",2240
"wotakoi: love is hard for otaku, 6",2241
"spy x family, vol. 3",2242
"spy x family, vol. 4",2243
when the shooting starts,2244
murder at sunrise lake,2245
the eyes of the dragon,2246
no way out,2247
summer shadows,2248
sound of darkness,2249
"taylor callahan, circuit rider",2250
taming a texan,2251
the lion of mars,2252
love & gelato,2253
portrait of an unknown woman,2254
shattered,2255
the 6:20 man,2256
grace under fire,2257
the it girl,2258
"dirtbag, massachusetts",2259
thank you for your servitude,2260
they want to kill americans,2261
any given tuesday,2262
an immense world,2263
"tomorrow, and tomorrow, and tomorrow",2264
rising tiger,2265
the bodyguard,2266
the retreat,2267
the daughter of doctor moreau,2268
maybe someday,2269
confess,2270
finding the mother tree,2271
bake,2272
the world's worst assistant,2273
do the work!,2274
thirst,2275
the beatryce prophecy,2276
chronicles of the avatar,2277
villains,2278
these twisted bonds,2279
blade breaker,2280
dreadgod,2281
why we did it,2282
"how are you, really?",2283
"lore olympus, vol. 2",2284
the bad guys in open wide and say arrrgh!,2285
"my hero academia, vol. 31",2286
"kaiju no. 8, vol. 3",2287
teenage mutant ninja turtles: the last ronin,2288
unfinished business,2289
the last goodnight,2290
brannigan's land,2291
blade of secrets,2292
all good people here,2293
the challenge,2294
overkill,2295
i'm glad my mom died,2296
path lit by lightning,2297
"diana, william, and harry",2298
vacuuming in the nude,2299
what we owe the future,2300
wrong place wrong time,2301
star wars: the princess and the scoundrel,2302
heat 2,2303
life on the mississippi,2304
"america, a redemption story",2305
the destructionists,2306
for you when i am gone,2307
the queen of kindergarten,2308
long live the pumpkin queen,2309
violet made of thorns,2310
the ink black heart,2311
soul taken,2312
breaking history,2313
"jujutsu kaisen, vol. 17",2314
the sandman book one,2315
"one piece, vol. 100",2316
"dragon ball super, vol. 16",2317
"toilet-bound hanako-kun, vol. 14",2318
three women disappear,2319
the third grave,2320
worth dying for,2321
from dusk to dawn,2322
all of us villains,2323
better than the movies,2324
vince flynn: oath of loyalty,2325
fairy tale,2326
the butcher and the wren,2327
blowback,2328
nona the ninth,2329
what if? 2,2330
holding the line,2331
dinners with ruth,2332
the myth of normal,2333
like a rolling stone,2334
profiles in ignorance,2335
american psychosis,2336
the mosquito bowl,2337
prisoners of the castle,2338
solito,2339
the daughter of auschwitz,2340
carrie soto is back,2341
the marriage portrait,2342
desperation in death,2343
clive cussler's hellburner,2344
lessons,2345
love on the brain,2346
the american roommate experiment,2347
the lost girls of willowbrook,2348
that bird has my wings,2349
good inside,2350
the simply happy cookbook,2351
the return of the gods,2352
the mediterranean dish,2353
dinner in one,2354
how to invest,2355
you owe you,2356
marriage be hard,2357
the midnight children,2358
amari and the great game,2359
the stars did wander darkling,2360
creepy crayon!,2361
the pigeon will ride the roller coaster!,2362
little blue truck makes a friend,2363
the crayons trick or treat,2364
how to catch a witch,2365
pig the monster,2366
farmhouse,2367
spy school,2368
the ballad of never after,2369
hocus pocus: the illustrated novelization,2370
belladonna,2371
lightlark,2372
nothing more to tell,2373
the sunbearer trials,2374
dreamland,2375
the divider,2376
starry messenger,2377
live wire,2378
adrift,2379
slouching towards utopia,2380
jessi's secret language,2381
"spy x family, vol. 8",2382
"hooky, vol. 2",2383
investigators: heist and seek,2384
"five nights at freddy's: fazbear frights, vol. 1",2385
"solo leveling, vol. 5",2386
nothing to lose,2387
midnight shadows,2388
secrets,2389
end of days,2390
the next accident,2391
married in texas,2392
dark and shallow lies,2393
dance of thieves,2394
it starts with us,2395
the boys from biloxi,2396
demon copperhead,2397
long shadows,2398
mad honey,2399
the maze,2400
righteous prey,2401
beyond the wand,2402
and there was light,2403
the extraordinary life of an ordinary man,2404
"madly, deeply",2405
confidence man,2406
killing the legends,2407
bibi,2408
waxing on,2409
ejaculate responsibly,2410
the persuaders,2411
our missing hearts,2412
liberation day,2413
the last chairlift,2414
the christmas spirit,2415
the winners,2416
maybe now,2417
things we never got over,2418
feed these people,2419
somebody feed phil the book,2420
lighter,2421
discipline is destiny,2422
the love prescription,2423
the hocus pocus spell book,2424
odder,2425
two degrees,2426
boys will be human,2427
a rover's story,2428
the door of no return,2429
i'm so glad you were born,2430
an elephant & piggie biggie! vol. 5,2431
the three billy goats gruff,2432
the leaf thief,2433
the dreamer trilogy,2434
the first to die at the end,2435
i was born for this,2436
the girl in the castle,2437
foul lady fortune,2438
no plan b,2439
the sandman: act iii,2440
the trump tapes,2441
the book of boundaries,2442
if you want something done,2443
when mckinsey comes to town,2444
chip war,2445
"lore olympus, vol. 3",2446
"my hero academia, vol. 32",2447
"kaiju no. 8, vol. 4",2448
flying angels,2449
the bounty,2450
a christmas promise,2451
criminal mischief,2452
after the bite,2453
dust & grim,2454
the lost metal,2455
desert star,2456
going rogue,2457
a light in the flame,2458
the light we carry,2459
so help me god,2460
"friends, lovers, and the big terrible thing",2461
surrender,2462
a book of days,2463
the revolutionary,2464
cinema speculation,2465
the queen,2466
the philosophy of modern song,2467
the song of the cell,2468
have i told you this already?,2469
triple cross,2470
the passenger,2471
radio's greatest of all time,2472
"the husky and his white cat shizun: erha he ta de bai mao shizun, vol. 1",2473
the perfect assassin,2474
faith still moves mountains,2475
go-to dinners,2476
smitten kitchen keepers,2477
the stories we tell,2478
what's for dessert,2479
good boundaries and goodbyes,2480
"unstoppable us, vol. 1",2481
the sour grape,2482
"construction site: farming strong, all year long",2483
bloodmarked,2484
cursed,2485
the luminaries,2486
scattered showers,2487
a world of curiosities,2488
power failure,2489
collaborations,2490
the bad guys in the others?!,2491
number one is walking,2492
shuna's journey,2493
invisible,2494
the paris detective,2495
wyoming homecoming,2496
the santa suit,2497
kingdom of bones,2498
snowflakes and starlight,2499
blind tiger,2500
map of flames,2501
she's gone,2502
demon slayer: kimetsu no yaiba--the flower of happiness,2503
tom clancy: red winter,2504
babel,2505
devotion,2506
never finished,2507
five survive,2508
a thousand heartbeats,2509
remarkably bright creatures,2510
failure mode,2511
financial feminist,2512
moon rising,2513
mary anne's bad luck mystery,2514
"jujutsu kaisen, vol. 18",2515
steal,2516
cruel winter of the mountain man,2517
leopard's scar,2518
written in the stars,2519
a bend in the road,2520
if he had been with me,2521
the way i used to be,2522
the cabinet of dr. leng,2523
the house of wolves,2524
how to sell a haunted house,2525
the house in the pines,2526
a man called ove,2527
spare,2528
the nazi conspiracy,2529
straight shooter,2530
master slave husband wife,2531
rough sleepers,2532
hell bent,2533
the shards,2534
without a trace,2535
myth america,2536
loathe to love you,2537
the january 6th report,2538
the creative act,2539
the good life,2540
one,2541
how to catch a loveosaurus,2542
grumpy monkey valentine gross-out,2543
the stolen heir,2544
nick and charlie,2545
mysteries of thorn manor,2546
"song of silver, flame like night",2547
karen's birthday,2548
the dragonet prophecy,2549
"the boy, the mole, the fox and the horse: the animated story",2550
"kaiju no. 8, vol. 5",2551
bad luck and trouble,2552
tick tock,2553
recovery road,2554
smoke screen,2555
preacher's purge,2556
the appeal,2557
remember love,2558
highly suspicious and unfairly cute,2559
heart bones,2560
someone else's shoes,2561
3 days to live,2562
the last orphan,2563
unscripted,2564
"love, pamela",2565
the climate book,2566
walk the blue line,2567
never give an inch,2568
encore in death,2569
the house of eve,2570
victory city,2571
secretly yours,2572
icebreaker,2573
8 rules of love,2574
becoming free indeed,2575
the windeby puzzle,2576
the swifts: a dictionary of scoundrels,2577
on air with zoe washington,2578
"when i talk to god, i talk about you",2579
the last hours,2580
the davenports,2581
these infinite threads,2582
bad mormon,2583
it's ok to be angry about capitalism,2584
cobalt red,2585
"my hero academia, vol. 33",2586
the adventure zone: the eleventh hour,2587
investigators: agents of s.u.i.t.,2588
my dress-up darling 07,2589
beautiful,2590
absolute fear,2591
in her highlander's bed,2592
city of the dead,2593
fort misery,2594
macgregor ever after,2595
you'd be home now,2596
hello beautiful,2597
never never,2598
pineapple street,2599
things we hide from the light,2600
storm watch,2601
saved,2602
paris,2603
the courage to be free,2604
the longest race,2605
enchantment,2606
belonging,2607
all my knotted-up life,2608
worthy opponents,2609
i have some questions for you,2610
a day of fallen night,2611
so shall you reap,2612
the london séance society,2613
the other family doctor,2614
leon russell,2615
wake up with purpose!,2616
south to america,2617
young forever,2618
the greatness mindset,2619
my vermont table,2620
iceberg,2621
finally seen,2622
she is a haunting,2623
immortality,2624
burner,2625
outlive,2626
"poverty, by america",2627
win every argument,2628
twenty thousand fleas under the sea,2629
"spy x family, vol. 9",2630
"jujutsu kaisen, vol. 19",2631
death of the black widow,2632
getting even,2633
one night,2634
then you came along,2635
a place to call home,2636
a bright new day,2637
simply lies,2638
dark angel,2639
city of dreams,2640
hang the moon,2641
the wager,2642
you can't joke about that,2643
i swear,2644
you could make this place beautiful,2645
where are the children now?,2646
things i wish i told my mother,2647
romantic comedy,2648
homecoming,2649
it. goes. so. fast.,2650
follow me to hell,2651
got your number,2652
choosing to run,2653
the lost city of z,2654
tasting history,2655
life in five senses,2656
the wisdom of the bullfrog,2657
meals she eats,2658
tiny beautiful things,2659
the love stories of the bible speak,2660
rachael's good eats,2661
the rhythm of time,2662
big tree,2663
nic blake and the remarkables,2664
once there was,2665
freewater,2666
woo hoo! you're doing great!,2667
silver in the bone,2668
spell bound,2669
the little mermaid: against the tide,2670
if i see you again tomorrow,2671
happy place,2672
school trip,2673
"one piece, vol. 102",2674
"kaiju no. 8, vol. 6",2675
spy camp,2676
suspects,2677
two alone,2678
the jensens of colorado,2679
save it for sunday,2680
ready for marriage,2681
only the dead,2682
fourth wing,2683
the 23rd midnight,2684
the true love experiment,2685
meet me at the lake,2686
the covenant of water,2687
yellowface,2688
the daddy diaries,2689
quietly hostile,2690
king: a life,2691
the shadow docket,2692
look for me there,2693
queen charlotte,2694
the making of another major motion picture masterpiece,2695
fractal noise,2696
the wedding planner,2697
walking with sam,2698
the housemaid,2699
this is how you lose the time war,2700
the escape artist,2701
"magnolia table, vol. 3",2702
there are moms way worse than you,2703
healthygirl kitchen,2704
disruptive thinking,2705
the glucose goddess method,2706
the sun and the star,2707
the eyes and the impossible,2708
skandar and the phantom rider,2709
fall of the school for good and evil,2710
the crayons go back to school,2711
a day with no words,2712
the one and only,2713
solitaire,2714
painted devils,2715
warrior girl unearthed,2716
i have something to tell you—for young adults,2717
"imogen, obviously",2718
identity,2719
tremendous,2720
tell me everything,2721
"my hero academia, vol. 34",2722
surprisingly sarah,2723
"i survived the great chicago fire, 1871",2724
the last comics on earth,2725
clive cussler's dark vector,2726
the ninth month,2727
the best is yet to come,2728
fear thy neighbor,2729
summer at the cape,2730
devil's gulch,2731
armored,2732
the little mermaid live action novelization,2733
the summer of broken rules,2734
the five-star weekend,2735
"love, theoretically",2736
cross down,2737
twisted love,2738
the in-between,2739
pageboy,2740
1964,2741
the book of charlie,2742
my friend anne frank,2743
the puppeteers,2744
lady tan's circle of women,2745
clive cussler: fire strike,2746
what an owl knows,2747
better living through birding,2748
knife drop,2749
"catch a crayfish, count the stars",2750
crowned,2751
worst broommate ever!,2752
how to catch a daddysaurus,2753
girls like girls,2754
miles morales suspended,2755
waybound,2756
the right call,2757
"lore olympus, vol. 4",2758
fgteev: out of time!,2759
"dragon ball super, vol. 18",2760
"goodbye, eri",2761
danger zone,2762
devious,2763
desolation creek,2764
robert ludlum's the bourne sacrifice,2765
a family affair,2766
one shot,2767
black dog,2768
the collector,2769
too late,2770
a soul of ash and blood,2771
crook manifesto,2772
american prometheus,2773
jackie,2774
beyond the story,2775
the fourth turning is here,2776
easy money,2777
america's cultural revolution,2778
you will own nothing,2779
the heat will kill you first,2780
obsessed,2781
the only one left,2782
immortal longings,2783
dark future,2784
unbroken bonds of battle,2785
twisted games,2786
spider-man: across the spider-verse: the art of the movie,2787
greenwild,2788
invisible things,2789
knight owl,2790
the skull,2791
divine rivals,2792
you're not supposed to die tonight,2793
light bringer,2794
wool,2795
the bad guys in let the games begin,2796
karen's haircut,2797
"one piece, vol. 103",2798
teacher's pet,2799
nimona,2800
"kaiju no. 8, vol. 7",2801
hostile territory,2802
whispers at dusk,2803
starlight,2804
all roads lead home,2805
he's my cowboy,2806
tomorrow's promise,2807
linked,2808
the counselors,2809
tom lake,2810
lion & lamb,2811
tides of fire,2812
none of this is true,2813
quantum supremacy,2814
everything i know about love,2815
the heaven & earth grocery store,2816
masters of death,2817
happiness,2818
the invisible hour,2819
the art thief,2820
tucker,2821
adversity for sale,2822
a little life,2823
the rabbit hutch,2824
baking yesteryear,2825
stay sane in an insane world,2826
house of roots and ruin,2827
after that night,2828
like a river,2829
gambler,2830
"jujutsu kaisen, vol. 20",2831
the girl who survived,2832
total control,2833
shadow dance,2834
the high notes,2835
weather the storm,2836
distant thunder,2837
the school for whatnots,2838
chainsaw man: buddy stories,2839
vince flynn: code red,2840
holly,2841
23 1/2 lies,2842
things we left behind,2843
fall of ruin and wrath,2844
payback in death,2845
assistant to the villain,2846
the vaster wilds,2847
counting the cost,2848
scattershot,2849
to infinity and beyond,2850
doppelganger,2851
tyranny of the minority,2852
punished for dreaming,2853
the coming wave,2854
the fraud,2855
nineteen steps,2856
mother-daughter murder night,2857
the river we remember,2858
why we love baseball,2859
glossy,2860
necessary trouble,2861
the last politician,2862
"heaven official's blessing: tian guan ci fu, vol. 7",2863
stay true,2864
build the life you want,2865
the world central kitchen cookbook,2866
the art of home,2867
"xoxo, cody",2868
i could nosh,2869
yellowstone,2870
a horse named sky,2871
the official harry potter cookbook,2872
chinese menu,2873
the lost library,2874
just because,2875
grumpy monkey don't be scared,2876
don't let the pigeon drive the sleigh!,2877
bluey: sleepytime,2878
this winter,2879
the spirit bares its teeth,2880
foxglove,2881
house of marionne,2882
pride and prejudice and pittsburgh,2883
the running grave,2884
starter villain,2885
the last devil to die,2886
enough,2887
thicker than water,2888
the democrat party hates america,2889
astor,2890
"sure, i'll join your cult",2891
killing the witches,2892
the mysterious case of rudolf diesel,2893
hooky vol. 3,2894
"my hero academia, vol. 35",2895
investigators: all tide up,2896
cat on the run in cat of death!,2897
"five nights at freddy's: fazbear frights, vol. 3",2898
"dragon ball super, vol. 19",2899
"i survived the american revolution, 1776",2900
the whittiers,2901
liar!,2902
that summer magic,2903
a thousand boy kisses,2904
secrets never die,2905
the exchange,2906
two twisted crowns,2907
wildfire,2908
judgment prey,2909
the armor of light,2910
prequel,2911
worthy,2912
behind the seams,2913
democracy awakening,2914
going infinite,2915
to rescue the constitution,2916
determined,2917
sword catcher,2918
blood lines,2919
second act,2920
the unmaking of june farrow,2921
conflict,2922
wreck the halls,2923
israel,2924
be useful,2925
forever strong,2926
texture over taste,2927
the way forward,2928
natasha's kitchen,2929
more is more,2930
wings of fire: a guide to the dragon world,2931
the harry potter wizarding almanac,2932
remember us,2933
the puppets of spelhorst,2934
dogtown,2935
curious tides,2936
a study in drowning,2937
night of the witch,2938
the secret,2939
the woman in me,2940
making it so,2941
if you would have told me,2942
hidden potential,2943
lucky me,2944
clear thinking,2945
"chainsaw man, vol. 12",2946
the mysteries,2947
stacey's mistake,2948
"lore olympus, vol. 5",2949
"spy x family, vol. 10",2950
"kaiju no. 8, vol. 8",2951
the battle for pumpkin king,2952
seven girls gone,2953
bad luck vampire,2954
moondance,2955
fractured,2956
the  bad guys: a very bad holiday,2957
ravenfall,2958
killers of the flower moon: adapted for young readers,2959
the graveyard book,2960
scariest. book. ever,2961
the haunting,2962
iron flame,2963
the edge,2964
system collapse,2965
the little liar,2966
the narrow road between desires,2967
resurrection walk,2968
dirty thirty,2969
my name is barbra,2970
my effin' life,2971
tired of winning,2972
ghosts of honolulu,2973
teddy and booker t.,2974
being henry,2975
unwoke,2976
pretty boys are poisonous,2977
the upcycled self,2978
the christmas fix,2979
love redesigned,2980
how to know a person,2981
the pioneer woman cooks: dinner's ready!,2982
the cookie that changed my life,2983
the big cheese,2984
how to catch santa claus,2985
dr. seuss's how the grinch lost christmas!,2986
how to catch a reindeer,2987
murtagh,2988
nightbane,2989
powerless,2990
the way i am now,2991
what the river knows,2992
dark heir,2993
the fund,2994
same as ever,2995
influencers,2996
the bad guys in look who's talking,2997
"jujutsu kaisen, vol. 21",2998
"one piece, vol. 104",2999
"keeper of the lost cities, part 1",3000
above the trenches,3001
the jailhouse lawyer,3002
"girl, forgotten",3003
forever under the mistletoe,3004
bring me home for christmas,3005
wyoming proud,3006
shooting iron,3007
in a holidaze,3008
collateral damage,3009
falling stars,3010
check & mate,3011
